Rain [mm/h];Snow [mm/h]
0.0;0.0
0.0;0.0
0.0;0.0
0.09444660194174757;0.0
0.37778640776699035;0.0
0.8500194174757282;0.0
1.2278058252427186;0.0
1.5111456310679614;0.0
1.888932038834951;0.0
1.4166990291262136;0.0
0.7555728155339807;0.0
0.18889320388349512;0.0
0.7555728155339807;0.0
0.37778640776699035;0.0
0.0;0.0
0.0;0.0
0.0;0.0
0.09444660194174757;0.0
0.18889320388349512;0.0
0.0;0.0
0.0;0.0
0.0;0.0
0.0;0.0
0.0;0.0
0.0;0.0
0.0628823529411765;0.0
0.0;0.0
0.0;0.0
0.0;0.0
0.0;0.0
0.0;0.0
0.0;0.0
0.0;0.0
0.0;0.0
0.0;0.0
0.0;0.0
0.188647058823529;0.0
0.0;0.0
0.0;0.0
0.0;0.0
0.0;0.0
0.0;0.0
0.0;0.0
0.0;0.0
0.0;0.0
0.0;0.0
0.0;0.0
0.8174705882352941;0.0
1.423448275862069;0.0
0.1897931034482759;0.0
0.0;0.0
0.0;0.0
0.0;0.0
0.09489655172413794;0.0
0.09489655172413794;0.0
0.1897931034482759;0.0
0.09489655172413794;0.0
0.0;0.0
0.09489655172413794;0.0
0.0;0.0
0.3795862068965517;0.0
0.5693793103448276;0.0
0.47448275862068967;0.0
1.0438620689655174;0.0
0.0;0.0
0.0;0.0
0.0;0.0
0.0;0.0
0.1897931034482759;0.0
0.6642758620689655;0.0
0.0;0.0
0.0;0.0
0.0;0.0
0.0;0.0
0.0;0.0
0.0;0.0
0.0;0.0
0.0;0.0
0.0;0.0
0.0;0.0
0.0;0.0
0.0;0.0
0.0;0.0
0.0;0.0
0.0;0.0
0.0;0.0
0.0;0.0
0.0;0.0
0.0;0.0
0.0;0.0
0.0;0.0
0.0;0.0
0.0;0.0
0.0;0.0
0.0;0.0
0.0;0.0
0.0;0.0
0.0;0.0
0.0;0.0
0.0;0.0
0.0;0.0
0.0;0.0
0.0;0.0
0.0;0.0
0.0;0.0
0.0;0.0
0.0;0.0
0.0;0.0
0.0;0.0
0.0;0.0
0.0;0.0
0.0;0.0
0.0;0.0
0.0;0.0
0.0;0.0
0.0;0.0
0.0;0.0
0.0;0.0
0.0;0.0
0.0;0.0
0.0;0.0
0.0;0.0
0.0;0.0
0.0;0.0
0.0;0.0
0.0;0.0
0.0;0.0
0.0;0.0
0.0;0.0
0.0;0.0
0.0;0.0
0.0;0.0
0.0;0.0
0.0;0.0
0.0;0.0
0.0;0.0
0.0;0.0
0.0;0.0
0.0;0.0
0.0;0.0
0.0;0.0
0.0;0.0
0.0;0.0
0.0;0.0
0.0;0.0
0.0;0.0
0.0;0.0
0.0;0.0
0.0;0.0
0.0;0.0
0.0;0.0
0.0;0.0
0.0;0.0
0.0;0.0
0.0;0.0
0.0;0.0
0.0;0.0
0.0;0.0
0.0;0.0
0.0;0.0
0.0;0.0
0.0;0.0
0.0;0.0
0.0;0.0
0.0;0.0
0.0;0.0
0.0;0.0
0.0;0.0
0.0;0.0
0.0;0.0
0.0;0.0
0.0;0.0
0.0;0.0
0.0;0.0
0.0;0.0
0.0;0.0
0.0;0.0
0.0;0.0
0.0;0.0
0.0;0.0
0.0;0.0
0.0;0.0
0.0;0.0
0.0;0.0
0.0;0.0
0.0;0.0
0.0;0.0
0.0;0.0
0.0;0.0
0.0;0.0
0.0;0.0
0.05000000000000002;0.0
0.024875000000000008;0.0
0.0;0.0
0.0;0.0
0.17412499999999997;0.0
0.0;0.0
0.0;0.0
0.0;0.0
0.0;0.0
0.0;0.0
0.0;0.0
0.0;0.0
0.0;0.0
0.0;0.0
0.0;0.0
0.0;0.0
0.0;0.0
0.0;0.0
0.0;0.0
0.0;0.0
0.0;0.0
0.0;0.0
0.0;0.0
0.0;0.0
0.0;0.0
0.0;0.0
0.0;0.0
0.0;0.0
0.0;0.0
0.0;0.0
0.0;0.0
0.0;0.0
0.0;0.0
0.0;0.0
0.0;0.0
0.0;0.0
0.0;0.0
0.0;0.0
0.0;0.0
0.0;0.0
0.0;0.0
0.0;0.0
0.0;0.0
0.0;0.0
0.0;0.0
0.0;0.0
0.0;0.0
0.0;0.0
0.0;0.0
0.0;0.0
0.0;0.0
0.0;0.0
0.0;0.0
0.0;0.0
0.0;0.0
0.0;0.0
0.0;0.0
0.0;0.0
0.0;0.0
0.0;0.0
0.0;0.0
0.0;0.0
0.0;0.0
0.0;0.0
0.0;0.0
0.0;0.0
0.0;0.0
0.0;0.0
0.0;0.0
0.0;0.0
0.0;0.0
0.0;0.0
0.0;0.0
0.0;0.0
0.0;0.0
0.0;0.0
0.0;0.0
0.0;0.0
0.0;0.0
0.0;0.0
0.0;0.0
0.0;0.0
0.0;0.0
0.0;0.0
0.32076923076923103;0.0
0.44907692307692293;0.0
0.0641538461538462;0.0
0.0;0.0
0.0;0.0
0.0;0.0
0.0;0.0
0.0;0.0
0.0;0.0
0.0;0.0
0.0;0.0
0.0;0.0
0.0;0.0
0.0;0.0
0.0;0.0
0.0;0.0
0.0;0.0
0.0;0.0
0.0;0.0
0.0;0.0
0.0;0.0
0.0;0.0
0.0;0.0
0.0;0.0
0.0;0.0
0.0;0.0
0.0;0.0
0.0;0.0
0.0;0.0
0.0;0.0
0.0;0.0
0.0;0.0
0.0;0.0
0.0;0.0
0.0;0.0
0.0;0.0
0.0;0.0
0.0;0.0
0.0;0.0
0.0;0.0
0.0;0.0
0.0;0.0
0.0;0.0
0.0;0.0
0.0;0.0
0.0;0.0
0.0;0.0
0.0;0.0
0.0;0.0
0.0;0.0
0.0;0.0
0.0;0.0
0.0;0.0
0.0;0.0
0.0;0.0
0.0;0.0
0.0;0.0
0.0;0.0
0.0;0.0
0.0;0.0
0.0;0.0
0.0;0.0
0.0;0.0
0.0;0.0
0.0;0.0
0.0;0.0
0.0;0.0
0.0;0.0
0.0;0.0
0.0;0.0
0.0;0.0
0.0;0.0
0.0;0.0
0.0;0.0
0.0;0.0
0.0;0.0
0.0;0.0
0.0;0.0
0.0;0.0
0.0;0.0
1.843476923076923;0.0
0.790061538461538;0.0
0.0877846153846154;0.0
0.0877846153846154;0.0
2.896892307692308;0.0
0.1345;0.0
0.0;0.0
0.0;0.0
0.0;0.0
0.0;0.0
0.0;0.0
0.20174999999999998;0.0
0.0;0.0
0.0;0.0
0.0;0.0
0.0;0.0
0.06725;0.0
0.06725;0.0
0.0;0.0
0.20174999999999998;0.0
0.06725;0.0
0.0;0.0
0.0;0.0
0.06725;0.0
0.0;0.0
0.0;0.0
0.0;0.0
0.0;0.0
0.0;0.0
0.0;0.0
0.0;0.0
0.0;0.0
0.0;0.0
0.0;0.0
0.0;0.0
0.0;0.0
0.0;0.0
0.0;0.0
0.0;0.0
0.0;0.0
0.0;0.0
0.0;0.0
0.0;0.0
0.0;0.0
0.0;0.0
0.0;0.0
0.0;0.0
0.0;0.0
0.0;0.0
0.0;0.0
0.0;0.0
0.0;0.0
0.0;0.0
0.0;0.0
0.0;0.0
0.0;0.0
0.0;0.0
0.0;0.0
0.0;0.0
0.0;0.0
0.0;0.0
0.0;0.0
0.0;0.0
0.0;0.0
0.0;0.0
0.0;0.0
0.0;0.0
0.0;0.0
0.0;0.0
0.0;0.0
0.0;0.0
0.0;0.0
0.0;0.0
0.0;0.0
0.0;0.0
0.0;0.0
0.0;0.0
0.0;0.0
0.0;0.0
0.0;0.0
0.0;0.0
0.0;0.0
0.0;0.0
0.094;0.0
0.752;0.0
2.068;0.0
1.88;0.0
0.752;0.0
0.0;0.0
0.0;0.0
0.0;0.0
0.0;0.0
0.376;0.0
0.47;0.0
0.0;0.0
0.0;0.0
0.188;0.0
0.282;0.0
0.846;0.0
0.24647998499999998;0.03552001499999998
0.0809575;0.013042500000000004
0.0;0.0
0.12398415562500004;0.0017658443749999952
0.31073375156249994;0.0036412484375000155
0.06109092187500001;0.001784078125000003
0.0;0.0
0.0;0.0
0.0;0.0
0.0;0.0
0.0;0.0
0.0;0.0
0.0;0.0
0.0;0.0
0.0;0.0
0.0;0.0
0.0;0.0
0.0;0.0
0.0;0.0
0.0;0.0
0.0;0.0
0.0;0.0
0.0;0.0
0.0;0.0
0.0;0.0
0.0;0.0
0.0;0.0
0.0;0.0
0.0;0.0
0.0;0.0
0.0;0.0
0.0;0.0
0.0;0.0
0.0;0.0
0.0;0.0
0.0;0.0
0.0;0.0
0.0;0.0
0.0;0.0
0.0;0.0
0.0;0.0
0.0;0.0
0.0;0.0
0.0;0.0
0.0;0.0
0.0;0.0
0.0;0.0
0.0;0.0
0.0;0.0
0.0;0.0
0.0;0.0
0.0;0.0
0.0;0.0
0.0;0.0
0.0;0.0
0.0;0.0
0.0;0.0
0.0;0.0
0.0;0.0
0.0;0.0
0.0;0.0
0.0;0.0
0.0;0.0
0.0;0.0
0.0;0.0
0.0;0.0
0.0;0.0
0.0;0.0
0.0;0.0
0.0;0.0
0.0;0.0
0.0;0.0
0.0;0.0
0.0;0.0
0.0;0.0
0.0;0.0
0.0;0.0
0.0;0.0
0.0;0.0
0.0;0.0
0.0;0.0
0.0;0.0
0.0;0.0
0.0;0.0
0.0;0.0
0.0;0.0
0.0;0.0
0.0;0.0
0.0;0.0
0.0;0.0
0.0;0.0
0.0;0.0
0.0;0.0
0.0;0.0
0.0;0.0
0.0;0.0
0.0;0.0
0.0;0.0
0.0;0.0
0.0;0.0
0.0;0.0
0.0;0.0
0.0;0.0
0.0;0.0
0.0;0.0
0.0;0.0
0.0;0.0
0.0;0.0
0.0;0.0
0.0;0.0
0.0;0.0
0.0;0.0
0.0;0.0
0.0;0.0
0.0;0.0
0.0;0.0
0.0;0.0
0.0;0.0
0.0;0.0
0.0;0.0
0.0;0.0
0.0;0.0
0.0;0.0
0.0;0.0
0.0;0.0
0.0;0.0
0.0;0.0
0.0;0.0
0.0;0.0
0.0;0.0
0.0;0.0
0.0;0.0
0.0;0.0
0.0;0.0
0.0;0.0
0.0;0.0
0.0;0.0
0.0;0.0
0.0;0.0
0.0;0.0
0.0;0.0
0.0;0.0
0.0;0.0
0.0;0.0
0.0;0.0
0.0;0.0
0.0;0.0
0.0;0.0
0.0;0.0
0.0;0.0
0.0;0.0
0.0;0.0
0.0;0.0
0.0;0.0
0.0;0.0
0.0;0.0
0.0;0.0
0.0;0.0
0.0;0.0
0.0;0.0
0.0;0.0
0.0;0.0
0.0;0.0
0.0;0.0
0.0;0.0
0.0;0.0
0.0;0.0
0.0;0.0
0.0;0.0
0.0;0.0
0.0;0.0
0.0;0.0
0.0;0.0
0.0;0.0
0.0;0.0
0.0;0.0
0.0;0.0
0.0;0.0
0.0;0.0
0.0;0.0
0.0;0.0
0.0;0.0
0.0;0.0
0.0;0.0
0.0;0.0
0.0;0.0
0.0;0.0
0.0;0.0
0.0;0.0
0.0;0.0
0.0;0.0
0.0;0.0
0.0;0.0
0.0;0.0
0.0;0.0
0.0;0.0
0.0;0.0
0.0;0.0
0.0;0.0
0.0;0.0
0.0;0.0
0.0;0.0
0.0;0.0
0.0;0.0
0.0;0.0
0.0;0.0
0.0;0.0
0.0;0.0
0.0;0.0
0.0;0.0
0.0;0.0
0.0;0.0
0.0;0.0
0.0;0.0
0.0;0.0
0.0;0.0
0.0;0.0
0.0;0.0
0.0;0.0
0.0;0.0
0.0;0.0
0.0;0.0
0.0;0.0
0.0;0.0
0.0;0.0
0.0;0.0
0.0;0.0
0.0;0.0
0.0;0.0
0.0;0.0
0.0;0.0
0.0;0.0
0.0;0.0
0.0;0.0
0.0;0.0
0.0;0.0
0.0;0.0
0.0;0.0
0.0;0.0
0.0;0.0
0.0;0.0
0.0;0.0
0.0;0.0
0.0;0.0
0.0;0.0
0.0;0.0
0.0;0.0
0.0;0.0
0.0;0.0
0.0;0.0
0.0;0.0
0.0;0.0
0.0;0.0
0.0;0.0
0.0;0.0
0.0;0.0
0.0;0.0
0.0;0.0
0.0;0.0
0.0;0.0
0.0;0.0
0.0;0.0
0.0;0.0
0.0;0.0
0.0;0.0
0.04506662500000001;0.004933375000000003
0.5925176470588235;0.0
0.6912705882352941;0.0
0.35101782317647057;0.2414998238823529
0.0;0.0
0.3039738970588235;0.18979080882352942
0.2934616464705882;0.6940677652941176
0.13838644658823535;0.6516370828235295
0.0;0.0
0.05090714117647058;0.3441046235294118
0.01845050576470589;0.1790553765882353
0.0279838678235294;0.26827495570588233
0.1680651617647059;0.5232054264705882
0.05216624117647059;0.1453396411764706
0.0;0.0
0.0352548;0.0634981411764706
0.45564607058823525;0.7293892235294116
0.22910731729411762;0.3634103297647059
0.14959391788235293;0.24541784682352946
0.03677732347058824;0.061975617705882356
0.0;0.0
0.0;0.0
0.0;0.0
0.0;0.0
0.03056823229411765;0.06818470888235294
0.012028747500000003;0.0409712525
0.0;0.0
0.0;0.0
0.0;0.0
0.0;0.0
0.0;0.0
0.0;0.0
0.0;0.0
0.0;0.0
0.0;0.0
0.0;0.0
0.0;0.0
0.0;0.0
0.0;0.0
0.0;0.0
0.0;0.0
0.0;0.0
0.0;0.0
0.0;0.0
0.0;0.0
0.0;0.0
0.0;0.0
0.0;0.0
0.0;0.0
0.0;0.0
0.0;0.0
0.0;0.0
0.0;0.0
0.0;0.0
0.0;0.0
0.0;0.0
0.0;0.0
0.0;0.0
0.0;0.0
0.0;0.0
0.0;0.0
0.0;0.0
0.0;0.0
0.0;0.0
0.0;0.0
0.0;0.0
0.0;0.0
0.0;0.0
0.0;0.0
0.005822937500000002;0.019177062500000005
0.0;0.0
0.0;0.0
0.0;0.0
0.056956515000000006;0.042690543823529416
0.0;0.0
0.06301007382352941;0.036636985000000004
0.2757403517647059;0.12284788352941177
0.5220170611764706;0.2751594094117647
0.41372213235294114;0.2838072794117647
0.12194308823529412;0.07735102941176472
0.13357688235294118;0.06571723529411765
0.7381886502941177;0.35792899676470585
1.1033599952941178;0.490992945882353
1.2706509652941176;0.5229960935294117
0.5681536494117648;0.22902282117647058
0.0;0.0
0.14752747058823532;0.05176664705882354
0.298144;0.10044423529411765
0.2764209411764706;0.12216729411764707
0.18418513235294118;0.11475604411764703
0.0;0.0
0.14776438147058824;0.15117679499999997
0.14080129411764705;0.15813988235294116
0.0;0.0
0.0;0.0
0.039929323823529414;0.05971773500000001
0.1496529423529412;0.2489352929411765
0.10163267499999999;0.188367325
0.16430965;0.41569035
0.08104267500000001;0.20895732499999997
0.0;0.0
0.0;0.0
0.0;0.0
0.0;0.0
0.0;0.0
0.0;0.0
0.0;0.0
0.0;0.0
0.0;0.0
0.0;0.0
0.0;0.0
0.0;0.0
0.0;0.0
0.0;0.0
0.0;0.0
0.0;0.0
0.0;0.0
0.0;0.0
0.0;0.0
0.0;0.0
0.0;0.0
0.0;0.0
0.0;0.0
0.0;0.0
0.0;0.0
0.0;0.0
0.029877795000000002;0.024122205000000004
0.0;0.0
0.0;0.0
0.0;0.0
0.0;0.0
0.0;0.0
0.0;0.0
0.0;0.0
0.0;0.0
0.0;0.0
0.0;0.0
0.0;0.0
0.0;0.0
0.0;0.0
0.0;0.0
0.0;0.0
0.0;0.0
0.0;0.0
0.0;0.0
0.0;0.0
0.0;0.0
0.0;0.0
0.0;0.0
0.0;0.0
0.0;0.0
0.0;0.0
0.0;0.0
0.0;0.0
0.0;0.0
0.0;0.0
0.0;0.0
0.0;0.0
0.0;0.0
0.0;0.0
0.0;0.0
0.0;0.0
0.0;0.0
0.0;0.0
0.0;0.0
0.0;0.0
0.0;0.0
0.0;0.0
0.0;0.0
0.0;0.0
0.0;0.0
0.022567727272727246;0.4537959090909091
0.031360923636363634;0.34972998545454553
0.004735769090909093;0.09053695818181819
0.003421958181818186;0.09185076909090908
0.0;0.0
0.0;0.0
0.0;0.0
0.0;0.0
0.0;0.0
0.0;0.0
0.0;0.0
0.0;0.0
0.0;0.0
0.0;0.0
0.0;0.0
0.0;0.0
0.0;0.0
0.0;0.0
0.0;0.0
0.0;0.0
0.0;0.0
0.0;0.0
0.0;0.0
0.024140636250000003;0.06235936375000001
0.015184426250000006;0.07131557375
0.006811874999999999;0.07968812500000001
0.0;0.0
0.0;0.0
0.0;0.0
0.0;0.0
0.0;0.08650000000000001
0.0;0.0
0.0;0.0
0.0;0.0
0.0;0.0
0.0;0.0
0.0;0.0
0.0;0.0
0.0;0.0
0.0;0.0
0.0;0.0
0.0;0.0
0.0;0.0
0.0;0.0
0.0;0.0
0.0;0.0
0.0;0.0
0.0;0.0
0.0;0.0
0.0;0.0
0.0;0.0
0.0;0.0
0.0;0.0
0.0;0.0
0.0;0.0
0.0;0.0
0.0;0.0
0.0;0.0
0.0;0.0
0.0;0.0
0.0;0.0
0.0;0.0
0.0;0.0
0.0;0.0
0.0;0.0
0.0;0.0
0.0;0.0
0.0;0.0
0.0;0.0
0.0;0.0
0.0;0.0
0.0;0.0
0.0;0.0
0.0;0.0
0.0;0.0
0.0;0.0
0.0;0.0
0.0;0.0
0.0;0.0
0.0;0.0
0.0;0.0
0.0;0.0
0.0;0.0
0.0;0.0
0.44121;0.22728999999999996
0.067255875;0.028244124999999995
0.0;0.0
0.0;0.0
0.1659154925;0.025084507499999992
0.0;0.0
0.0;0.0
0.0;0.0
0.0;0.0
0.0;0.0
0.0;0.0
0.0;0.0
0.0;0.0
0.0;0.0
0.18008151881355938;0.007511701525423728
0.354019359661017;0.021167081016949158
0.09379661016949153;0.0
0.0;0.0
0.0;0.0
0.0;0.0
0.0;0.0
0.0;0.0
0.0;0.0
0.0;0.0
0.7503728813559323;0.0
1.1255593220338982;0.0
1.1255593220338982;0.0
0.9379661016949153;0.0
0.0;0.0
0.18759322033898312;0.0
0.0;0.0
0.18759322033898312;0.0
0.37518644067796614;0.0
0.18759322033898312;0.0
0.5640983606557377;0.0
0.8461475409836067;0.0
1.2222131147540984;0.0
0.6581147540983606;0.0
0.9373034856557376;0.0028604487704918585
0.9350329897540983;0.005130944672131151
0.25934422131147544;0.022704959016393453
0.0;0.0
0.07051229508196721;0.02350409836065574
0.0;0.0
0.0;0.0
0.16256233565573772;0.0254704512295082
0.0;0.0
0.0;0.0
0.0;0.0
0.0;0.0
0.0;0.0
0.0;0.0
0.0;0.0
0.0;0.0
0.0;0.0
0.0;0.0
0.0;0.0
0.0;0.0
0.0;0.0
0.0;0.0
0.0;0.0
0.0;0.0
0.0;0.0
0.0;0.0
0.0;0.0
0.0;0.0
0.0;0.0
0.0;0.0
0.0;0.0
0.0;0.0
0.0;0.0
0.0;0.0
0.0;0.0
0.0;0.0
0.0;0.0
0.0;0.0
0.0;0.0
0.0;0.0
0.0;0.0
0.0;0.0
0.0;0.0
0.0;0.0
0.0;0.0
0.0;0.0
0.2505;0.0
0.501;0.0
0.0;0.0
0.0;0.0
0.2505;0.0
0.0;0.0
0.0;0.0
0.0;0.0
0.0;0.0
0.0;0.0
0.0;0.0
0.0;0.0
0.0835;0.0
0.0;0.0
0.2505;0.0
0.0;0.0
0.0;0.0
0.0;0.0
0.0;0.0
0.0;0.0
0.0;0.0
0.0;0.0
0.0;0.0
0.15700000000000003;0.0
0.942;0.0
0.0;0.0
0.0;0.0
0.0;0.0
0.0;0.0
0.0;0.0
0.0;0.0
0.0;0.0
0.0;0.0
0.0;0.0
0.0;0.0
0.0;0.0
0.0;0.0
0.0;0.0
0.0;0.0
0.0;0.0
0.0;0.0
0.0;0.0
0.0;0.0
0.0;0.0
0.0;0.0
0.0;0.0
0.0;0.0
0.0;0.0
0.0;0.0
0.0;0.0
0.0;0.0
0.0;0.0
0.0;0.0
0.0;0.0
0.0;0.0
0.0;0.0
0.0;0.0
0.05000000000000002;0.0
0.0;0.0
0.0;0.0
0.0;0.0
0.0;0.0
0.0;0.0
0.0;0.0
0.0;0.0
0.0;0.0
0.0;0.0
0.0;0.0
0.0;0.0
0.0;0.0
0.0;0.0
0.0;0.0
0.0;0.0
0.0;0.0
0.0;0.0
0.0;0.0
0.0;0.0
0.0;0.0
0.0;0.0
0.0;0.0
0.0;0.0
0.0;0.0
0.0;0.0
0.0;0.0
0.0;0.0
0.0;0.0
0.0;0.0
0.0;0.0
0.0;0.0
0.0;0.0
0.0;0.0
0.0;0.0
0.0;0.0
0.0;0.0
0.0;0.0
0.0;0.0
0.0;0.0
0.0;0.0
0.0;0.0
0.0;0.0
0.0;0.0
0.0;0.0
0.0;0.0
0.0;0.0
0.0;0.0
0.0;0.0
0.0;0.0
0.0;0.0
0.0;0.0
0.0;0.0
0.09920000000000001;0.0
0.0;0.0
0.0;0.0
0.0;0.0
0.0;0.0
0.024800000000000003;0.0
0.0;0.0
0.0;0.0
0.09457894736842105;0.0
0.3783157894736842;0.0
0.0;0.0
0.2837368421052632;0.0
0.0;0.0
0.1891578947368421;0.0
0.3783157894736842;0.0
0.1891578947368421;0.0
0.2837368421052632;0.0
0.8512105263157895;0.0
0.4728947368421053;0.0
0.3783157894736842;0.0
0.09457894736842105;0.0
0.0;0.0
0.0;0.0
0.0;0.0
0.0;0.0
0.0;0.0
0.0;0.0
0.0;0.0
0.0;0.0
0.0;0.0
0.0;0.0
0.0;0.0
0.0;0.0
0.0;0.0
0.0;0.0
0.0;0.0
0.0;0.0
0.0;0.0
0.0;0.0
0.0;0.0
0.0;0.0
0.0;0.0
0.0;0.0
0.18354285714285712;0.0
0.0;0.0
0.0;0.0
0.0;0.0
0.09177142857142857;0.0
0.18354285714285712;0.0
0.09177142857142857;0.0
0.7341714285714287;0.0
0.7341714285714287;0.0
0.7341714285714287;0.0
0.4588571428571429;0.0
0.0;0.0
0.0;0.0
0.0;0.0
0.0;0.0
0.0;0.0
0.0;0.0
0.0;0.0
0.0;0.0
0.0;0.0
0.0;0.0
0.0;0.0
0.0;0.0
0.1592;0.0
0.398;0.0
0.1592;0.0
0.23879999999999998;0.0
0.0;0.0
0.0;0.0
0.0;0.0
0.0;0.0
0.0796;0.0
0.0796;0.0
0.0796;0.0
0.0;0.0
0.0;0.0
0.0;0.0
0.0;0.0
0.0;0.0
0.0;0.0
0.0;0.0
0.0;0.0
0.0;0.0
0.0;0.0
0.0;0.0
0.0;0.0
0.0;0.0
0.0;0.0
0.0;0.0
0.0;0.0
0.7429565217391304;0.0
0.2786086956521739;0.0
0.3714782608695652;0.0
0.3714782608695652;0.0
0.7429565217391304;0.0
1.578782608695652;0.0
0.7429565217391304;0.0
0.4643478260869565;0.0
0.0928695652173913;0.0
0.1857391304347826;0.0
0.8358260869565217;0.0
0.8515531914893617;0.0
0.2838510638297872;0.0
0.0;0.0
0.0;0.0
0.0;0.0
0.0;0.0
0.0;0.0
0.08909375265957446;0.005523268617021283
0.0;0.0
0.08493060372340425;0.009686417553191488
0.08497791223404255;0.009639109042553185
0.0;0.0
0.0;0.0
0.0;0.0
0.09461702127659574;0.0
0.5805227340425532;0.08179641489361698
0.07749536164893617;0.017121659627659574
0.14488231382978725;0.04435172872340426
0.5878548435638298;0.26369834792553193
0.4586962228723404;0.487473989893617
0.015970643563829788;0.07864637771276596
0.01073903191489362;0.08387798936170213
0.0;0.0
0.0;0.0
0.003369500000000002;0.0886305
0.004285589999999997;0.08771441
0.003380999999999995;0.088619
0.00148741;0.09051259
0.0;0.092
0.0;0.368
0.0012038200000000013;0.18279618
0.0;0.0
0.0;0.27599999999999997
0.005520000000000005;0.17848
0.0;0.0
0.0;0.0
0.030451769999999982;0.24554822999999998
0.0;0.0
0.0;0.0
0.0;0.0
0.0;0.0
0.0;0.0
0.0;0.0
0.0;0.0
0.0;0.0
0.0;0.0
0.0;0.0
0.0;0.0
0.0;0.0
0.0;0.0
0.0;0.0
0.0;0.0
0.0;0.0
0.0;0.0
0.0;0.0
0.0;0.0
0.0;0.0
0.0;0.0
0.0;0.0
0.0;0.0
0.0;0.0
0.0;0.0
0.0;0.0
0.0;0.0
0.0;0.0
0.0;0.0
0.0;0.0
0.0;0.0
0.0;0.0
0.0;0.0
0.0;0.0
0.0;0.0
0.0;0.0
0.0;0.0
0.0;0.0
0.0;0.0
0.0;0.0
0.0;0.0
0.0;0.0
0.0;0.0
0.0;0.0
0.0;0.0
0.0;0.0
0.0;0.0
0.0;0.0
0.042277935;0.04895283423076923
0.0;0.0
0.0;0.0
0.0;0.0
0.0;0.0
0.1074242307692308;0.07503730769230771
0.0;0.0
0.12753286076923082;0.054928677692307706
0.2375804323076923;0.1273426446153846
0.10867865384615387;0.07378288461538464
0.09588353846153848;0.08657800000000003
0.0;0.0
0.050081177126168226;0.04951695371495327
0.10603864397196262;0.09315761771028037
0.10548288640186917;0.09371337528037382
0.3233702313084112;0.27421855373831777
0.09696724621495328;0.10222901546728973
0.0;0.0
0.17418019915887853;0.2242123242056075
0.14267432242990655;0.15612007009345794
0.10091780607476636;0.09827845560747664
0.9168505934579438;0.7763176308411215
1.3739253395327102;1.4148223240186915
0.3655002406542056;0.5308829369158878
0.04638359651869159;0.05321453432242992
0.03149790887850467;0.06810022196261684
0.015022635070093462;0.08457549577102803
0.0;0.398392523364486
0.0;0.0
0.0;0.0
0.0;0.0
0.0;0.796785046728972
0.005689792219626157;0.2931046003037383
0.07622518848130845;0.620961727406542
0.12126122228971961;0.4763275627570094
0.34082707388429745;1.053619207107438
0.5499992452066115;1.7408767878512397
0.26932733884297516;1.0255156363636364
0.15215998611570247;0.6446664601652893
0.034122598512396685;0.16508401305785125
0.043389441074380176;0.2554204762809917
0.0354336270247934;0.26337629033057847
0.058840154876033036;0.5387796798347108
0.05330544818181821;1.2415375270247933
0.0;0.4980165289256198
0.08273772702479341;0.6144854134710743
0.27769725363636366;0.8179391100000001
0.15333928925619836;0.2450739338842975
0.03754621314049587;0.062057092644628095
0.0;0.0
0.0;0.0
0.0;0.0
0.0;0.0
0.0;0.0
0.0;0.0
0.0;0.0
0.04877175471074378;0.748054691570248
0.0;0.0
0.0;0.0
0.0;0.0
0.0;0.0
0.0;0.0
0.0;0.0
0.0;0.0
0.0;0.0
0.0;0.08775000000000001
0.002548479374999998;0.08520152062500001
0.0;0.0
0.0;0.0
0.0;0.0
0.0;0.0
0.0;0.0
0.0;0.0
0.0;0.0
0.0;0.0
0.0;0.0
0.0036416250000000086;0.171858375
0.0;0.0
0.0;0.0
0.0;0.0
0.0;0.0
0.0;0.0
0.0;0.0
0.0;0.0
0.0;0.0
0.0;0.0
0.0;0.0
0.0;0.0
0.0;0.0
0.0;0.0
0.0;0.0
0.0;0.0
0.0;0.0
0.0;0.0
0.0;0.0
0.0;0.0
0.0;0.0
0.0;0.0
0.04675595652173913;0.05098317391304349
0.37150570173913045;0.5081464721739131
0.2816509426086957;0.5002621008695652
0.0;0.0
0.03397656521739131;0.0637625652173913
0.031097414782608697;0.06664171565217393
0.0;0.0
0.04614899652173913;0.14932926434782612
0.018749541739130432;0.07898958869565219
0.027917704545454555;0.1628095681818182
0.019223878636363628;0.17150339409090912
0.0020026363636363336;0.5701791818181818
0.0;0.0
0.0;0.0
0.0;0.09536363636363637
0.0;0.0
0.0;0.0
0.0;0.0
0.0;0.0
0.0;0.0
0.0;0.0
0.0;0.0
0.0;0.0
0.0;0.0
0.0;0.0
0.0;0.0
0.0;0.0
0.0;0.0
0.0;0.0
0.0;0.0
0.0;0.0
0.0;0.0
0.0;0.0
0.0;0.0
0.0;0.0
0.0;0.0
0.0;0.0
0.0;0.0
0.0;0.0
0.0;0.0
0.0;0.0
0.0;0.0
0.0;0.0
0.0;0.0
0.0;0.0
0.0;0.0
0.0;0.0
0.0;0.0
0.0;0.0
0.0;0.0
0.0;0.0
0.0;0.0
0.0;0.0
0.0;0.0
0.0;0.0
0.0;0.0
0.0;0.0
0.0;0.0
0.0;0.0
0.0;0.0
0.0;0.0
0.0;0.0
0.0;0.0
0.0;0.17500000000000002
0.0;0.0
0.0;0.08750000000000001
0.0;0.0
0.0;0.0
0.0;0.0
0.0;0.08750000000000001
0.0;0.0
0.0;0.0
0.0;0.0
0.0;0.0
0.0;0.0
0.0;0.0
0.0;0.0
0.0;0.0
0.0;0.0
0.0;0.0
0.0;0.0
0.0;0.0
0.0;0.0
0.0;0.0
0.0;0.0
0.0;0.0
0.0;0.0
0.0;0.0
0.0;0.0
0.0;0.0
0.0;0.0
0.0;0.0
0.0;0.0
0.0;0.0
0.0;0.0
0.0;0.0
0.0;0.0
0.0;0.0
0.0;0.0
0.0;0.0
0.0;0.0
0.0;0.0
0.0;0.0
0.0;0.0
0.0;0.0
0.0;0.0
0.0;0.0
0.0;0.0
0.0;0.0
0.0;0.0
0.0;0.0
0.0;0.0
0.0;0.0
0.0;0.0
0.0;0.0
0.0;0.0
0.0;0.0
0.0;0.0
0.0;0.0
0.0;0.0
0.0;0.0
0.0;0.0
0.0;0.0
0.0;0.0
0.0;0.0
0.0;0.0
0.0;0.0
0.0;0.0
0.0;0.0
0.0;0.0
0.0;0.0
0.0;0.0
0.0;0.0
0.0;0.0
0.0;0.0
0.0;0.0
0.0;0.0
0.0;0.0
0.0;0.0
0.0;0.0
0.0;0.0
0.0;0.0
0.0;0.0
0.0;0.0
0.0;0.0
0.0;0.0
0.0;0.0
0.0;0.07700000000000001
0.0;0.0
0.0;0.0
0.0;0.0
0.0;0.0
0.0;0.07700000000000001
0.0;0.19582608695652176
0.0;0.09791304347826088
0.0;0.0
0.0;0.0
0.0;0.19582608695652176
0.0;0.4895652173913043
0.0;0.0
0.0;0.0
0.0;0.0
0.0;0.0
0.0;0.0
0.0;0.0
0.0;0.0
0.0;0.0
0.0;0.0
0.0;0.0
0.0;0.0
0.0;1.1749565217391305
0.0;0.09791304347826088
0.0;0.0
0.0;0.0
0.0;0.0
0.0;0.0
0.0;0.0
0.0;0.0
0.0;0.0
0.0;0.238
0.0;0.0
0.0;0.0
0.0;0.0
0.0;0.0
0.0;0.0
0.0;0.0
0.0;0.0
0.0;0.0
0.0;0.0
0.0;0.0
0.0;0.0
0.0;0.0
0.0;0.0
0.0;0.0
0.0;0.0
0.0;0.0
0.0;0.0
0.0;0.0
0.0;0.0
0.0;0.0
0.0;0.0
0.0;0.0
0.0;0.0
0.0;0.0
0.0;0.0
0.0;0.0
0.0;0.0
0.0;0.0
0.0;0.0
0.0;0.0
0.0;0.0
0.0;0.0
0.0;0.0
0.0;0.0
0.0;0.0
0.0;0.0
0.0;0.0
0.0;0.0
0.0;0.0
0.0;0.0
0.0;0.0
0.0;0.0
0.0;0.0
0.0;0.0
0.0;0.0
0.0;0.0
0.0;0.0
0.0;0.0
0.0;0.0
0.0;0.0
0.0;0.0
0.0;0.0
0.0;0.0
0.0;0.0
0.0;0.0
0.0;0.0
0.0;0.0
0.0;0.0
0.0;0.0
0.0;0.0
0.0;0.0
0.0;0.0
0.0;0.0
0.0;0.0
0.0;0.0
0.0;0.0
0.0;0.0
0.0;0.0
0.0;0.0
0.0;0.0
0.0;0.0
0.0;0.0
0.0;0.0
0.0;0.0
0.0;0.0
0.0;0.0
0.0;0.0
0.0;0.0
0.0;0.0
0.0;0.0
0.0;0.0
0.0;0.0
0.0;0.0
0.0;0.0
0.0;0.0
0.0;0.0
0.0;0.0
0.0;0.0
0.0;0.0
0.0;0.0
0.0;0.0
0.0;0.0
0.0;0.0
0.0;0.0
0.0;0.0
0.0;0.0
0.0;0.0
0.0;0.0
0.0;0.0
0.037731421568627445;0.16151040849673204
0.03418641130718954;0.16505541875816995
0.037797669477124186;0.1614441605882353
0.09889816529411767;0.4988273249019608
0.1529604434640523;0.843248706862745
0.24337389542483656;1.1513189150326797
0.3191510425490196;1.0755417679084966
0.3809503790849673;1.2129842614379085
0.4942512381699346;1.0996834023529412
0.34356763071895424;0.6526415196078431
0.39897254977124186;0.6968575155882354
0.5277916078431373;0.6676593725490196
0.7040334591503268;0.5910384362745098
0.653936591503268;0.4418934738562092
0.3060852614379085;0.19201931372549016
0.15214579343137255;0.14671695166666668
0.17016945843137254;0.2283142016993464
0.06460416339869281;0.13463766666666668
0.13270766666666667;0.36595900000000003
0.034058933333333326;0.16540773333333336
0.0;0.0
0.0;0.0
0.0;0.0
0.0;0.0
0.0;0.0
0.0;0.0
0.0;0.0
0.0;0.0
0.0;0.0
0.0;0.0
0.0;0.0
0.0;0.0
0.0;0.0
0.0;0.0
0.3223927373333333;0.3757405959999999
0.910763304;0.8844366960000001
1.5494550719999998;0.844144928
1.7991457;0.6941876333333332
1.9150899386666667;0.677976728
2.3185008000000003;0.37429920000000005
2.209951289333333;0.08391537733333324
2.2938666666666663;0.0
3.1929569377990434;0.0
2.993397129186603;0.0
1.3969186602870813;0.0
1.9955980861244018;0.0
1.2486112984210527;0.14830736186602866
1.3871901196172247;0.608407966507177
1.3887055269138757;1.1057920807416266
0.5686818448564593;0.9280167197368422
0.6863757342822965;1.6085620647607655
0.4168804401913876;1.179598028708134
0.0;0.0
0.0;0.0
0.0;0.0
0.0;0.0
0.0;0.0
0.0;0.0
0.0;0.0
0.0;0.0
0.0;0.0
0.0;0.0
0.0;0.0
0.0;0.0
0.0;0.0
0.0;0.0
0.0;0.0
0.0;0.0
0.0;0.0
0.0;0.0
0.0;0.0
0.0;0.0
0.0;0.0
0.0;0.0
0.0;0.0
0.0;0.0
0.0;0.0
0.0;0.0
0.0;0.0
0.0;0.0
0.0;0.0
0.0;0.0
0.0;0.0
0.0;0.0
0.0;0.0
0.0;0.0
0.0;0.0
0.0;0.0
0.0;0.0
0.0;0.0
0.0;0.0
0.0;0.0
0.0;0.0
0.0;0.0
0.0;0.0
0.0;0.0
0.0;0.0
0.0;0.0
0.0;0.0
0.0;0.0
0.0;0.0
0.0;0.0
0.0;0.0
0.0;0.0
0.0;0.0
0.0;0.0
0.0;0.0
0.0;0.0
0.0;0.0
0.0;0.0
0.0;0.0
0.0;0.0
0.0;0.0
0.0;0.0
0.0;0.0
0.0;0.0
0.0;0.0
0.0;0.0
0.0;0.0
0.0;0.0
0.0;0.0
0.0;0.0
0.0;0.0
0.0;0.0
0.0;0.0
0.0;0.0
0.0;0.0
0.0;0.0
0.0;0.0
0.0;0.0
0.0;0.0
0.0;0.0
0.0;0.0
0.0;0.0
0.0;0.0
0.0;0.0
0.0;0.0
0.0;0.0
0.0;0.0
0.0;0.0
0.0;0.0
0.0;0.0
0.0;0.0
0.0;0.0
0.0;0.0
0.0;0.0
0.0;0.0
0.0;0.0
0.0;0.0
0.0;0.0
0.0;0.0
0.0;0.0
0.0;0.0
0.0;0.0
0.0;0.0
0.0;0.0
0.0;0.0
0.0;0.0
0.0;0.0
0.0;0.0
0.0;0.0
0.0;0.0
0.0;0.0
0.0;0.0
0.0;0.0
0.0;0.0
0.0;0.0
0.0;0.0
0.0;0.0
0.0;0.0
0.0;0.0
0.0;0.0
0.0;0.0
0.0;0.0
0.0;0.0
0.3287839958333333;0.13288267083333336
0.27467597;0.09465736333333336
0.0;0.0
0.0;0.0
0.0;0.0
0.0;0.0
0.0;0.0
0.0;0.0
0.0;0.0
0.0;0.0
0.0;0.0
0.0;0.0
0.0;0.0
0.0;0.0
0.0;0.0
0.0;0.0
0.0;0.0
0.0;0.0
0.0;0.0
0.0;0.0
0.0;0.0
0.0;0.0
0.0;0.0
0.0;0.0
0.0;0.0
0.0;0.0
0.0;0.0
0.0;0.0
0.0;0.0
0.0;0.0
0.0;0.0
0.0;0.0
0.0;0.0
0.0;0.0
0.0;0.0
0.0;0.0
0.0;0.0
0.0;0.0
0.0;0.0
0.0;0.0
0.0;0.0
0.093125;0.0
0.093125;0.0
0.0;0.0
0.0;0.0
0.838125;0.0
0.93125;0.0
0.279375;0.0
0.465625;0.0
1.024375;0.0
0.465625;0.0
0.651875;0.0
0.279375;0.0
0.0;0.0
0.745;0.0
1.024375;0.0
0.279375;0.0
0.093125;0.0
0.18625;0.0
0.0;0.0
0.0;0.0
0.0;0.0
0.09467708333333333;0.0
0.0;0.0
0.09467708333333333;0.0
0.0;0.0
0.0;0.0
0.0;0.0
0.1893541666666667;0.0
0.0;0.0
0.0;0.0
0.0;0.0
0.09467708333333333;0.0
0.6627395833333333;0.0
0.28403125;0.0
0.1893541666666667;0.0
0.9467708333333333;0.0
0.3428569621875;0.03585137114583334
0.192869290078125;0.09116195992187501
1.2429422890364583;0.9346306276302082
0.5320852083333335;1.3614564583333335
0.06904018601562499;0.9724077306510418
0.0;0.7574166666666667
0.0;0.7643636363636365
0.0;0.1910909090909091
0.0;0.1910909090909091
0.0;0.2866363636363636
0.013208920227272733;0.27342744340909086
0.0173415;0.17374940909090908
0.0;0.09554545454545456
0.0;0.0
0.0;0.09554545454545456
0.0;0.0
0.0;0.0
0.0;0.0
0.0;0.0
0.0;0.0
0.0;0.0
0.30161311363636367;0.5582959772727273
0.11535083295454544;0.36237643977272727
0.07387287909090909;0.3083089390909091
0.03937284863636364;0.15171806045454544
0.02250883704545455;0.07303661750000001
0.0;0.0
0.1309211590909091;0.7289879318181819
0.01678399227272727;0.17430691681818183
0.0;0.09554545454545456
0.0;0.0
0.0;0.33675
0.0;0.0
0.0;0.05612500000000001
0.0;0.0
0.0;0.0
0.0;0.0
0.0;0.0
0.0;0.0
0.0;0.05612500000000001
0.0;0.0
0.0;0.0
0.0;0.0
0.0;0.0
0.0;0.0
0.0;0.0
0.0;0.0
0.0;0.0
0.0;0.0
0.0;0.0
0.0;0.0
0.0;0.0
0.0;0.0
0.0;0.0
0.0;0.0
0.0;0.0
0.0;0.4880172413793103
0.0;0.0
0.0;0.7808275862068965
0.0;0.7808275862068965
0.0;0.7808275862068965
0.0;0.2928103448275862
0.0;0.09760344827586208
0.0;0.09760344827586208
0.0;0.19520689655172416
0.0;0.09760344827586208
0.0;0.09760344827586208
0.0;0.4880172413793103
0.0;0.19520689655172416
0.0;0.09760344827586208
0.0;0.2928103448275862
0.0;0.4880172413793103
0.0;0.3904137931034483
0.0;0.0
0.0;0.0
0.0;0.0
0.0;0.0
0.0;0.0
0.0;0.0
0.0;0.0
0.0;0.0
0.0;0.0
0.0;0.0
0.0;0.0
0.0;0.07466666666666702
0.0;0.0373333333333333
0.0;0.0
0.0;0.0
0.0;0.0
0.0;0.0
0.0;0.0
0.0;0.0
0.0;0.0
0.0;0.0
0.0;0.0
0.0;0.0
0.0;0.0
0.0;0.0
0.0;0.0
0.0;0.0
0.0;0.0
0.0;0.0
0.0;0.0
0.0;0.0
0.0;0.0
0.0;0.0
0.0;0.0
0.0;0.0
0.0;0.0
0.0;0.19458333333333333
0.0;0.58375
0.0;0.19458333333333333
0.0;0.09729166666666668
0.0;0.09729166666666668
0.07843386614583332;0.6026078005208333
0.1401;0.24906666666666671
0.0;0.0
0.0;0.0
0.04378927656250001;0.05350239010416668
0.0;0.0
0.0;0.0
0.0;0.0
0.0;0.0
0.0;0.0
0.0;0.0
0.0;0.0
0.0;0.0
0.06985969165492958;0.0290276322887324
0.14317252866197183;0.054602119225352116
0.5502508503169014;0.14196041728873243
0.4687469290492958;0.02568969066901408
1.1827408491549296;0.003907038169014122
0.8899859154929577;0.0
3.362169014084507;0.0
3.263281690140845;0.0
2.3732957746478873;0.0
2.3732957746478873;0.0
3.0655070422535213;0.0
0.7910985915492958;0.0
0.3955492957746479;0.0
0.19777464788732396;0.0
1.0877605633802818;0.0
0.3955492957746479;0.0
3.362169014084507;0.0
3.757718309859155;0.0
0.0;0.0
0.0;0.0
0.09888732394366198;0.0
0.0;0.0
0.0;0.0
0.0;0.0
0.4867676767676768;0.0
2.239131313131313;0.0
1.4603030303030302;0.0
0.4867676767676768;0.0
0.6814747474747475;0.0
2.6285454545454545;0.0
0.0;0.0
4.478262626262626;0.0
0.09735353535353536;0.0
1.7523636363636363;0.0
0.0;0.0
0.19470707070707072;0.0
0.09735353535353536;0.0
0.09735353535353536;0.0
0.0;0.0
0.38941414141414143;0.0
1.6812403074242424;0.1684768642929292
0.8197776136363637;0.05640420454545451
0.4867676767676768;0.0
0.6814747474747475;0.0
0.292060606060606;0.0
0.0;0.0
0.0;0.0
0.27130057725;0.023217604568181806
0.17846181968181818;0.017883634863636356
0.08225647386363637;0.015916253409090905
0.0;0.0
0.0;0.0
0.0;0.0
0.0;0.0
0.0;0.0
0.0;0.0
0.17765974850000002;0.01868570604545454
0.59346174475;0.09374734615909089
0.7717848954545454;0.11176965000000005
1.4022121080681818;0.0703788010227273
1.9634545454545456;0.0
1.767109090909091;0.0
1.865281818181818;0.0
0.19634545454545455;0.0
0.0;0.0
0.0;0.0
1.1780727272727272;0.0
0.0;0.0
0.0;0.0
0.0;0.0
0.0;0.0
0.0;0.0
0.249;0.0
0.0;0.0
0.0;0.0
0.0;0.0
0.083;0.0
0.166;0.0
0.415;0.0
0.166;0.0
0.166;0.0
0.332;0.0
0.166;0.0
0.166;0.0
0.0;0.0
0.0;0.0
0.0;0.0
0.0;0.0
0.0;0.0
0.0;0.0
0.0;0.0
0.0;0.0
0.0;0.0
0.0;0.0
0.317973;0.014027000000000005
0.5851803430165289;0.0024725495454545636
0.2736016374173554;0.020224808863636354
0.526169708677686;0.06148318388429751
0.0;0.0
0.0;0.0
1.2732479338842975;0.0
0.39176859504132233;0.0
0.19588429752066117;0.0
0.19588429752066117;0.0
0.39176859504132233;0.0
0.39176859504132233;0.0
0.09794214876033058;0.0
0.19588429752066117;0.0
0.39176859504132233;0.0
0.0;0.0
0.4897107438016529;0.0
1.1753057851239668;0.0
0.5876528925619835;0.0
1.2732479338842975;0.0
1.9588429752066117;0.0
1.2732479338842975;0.0
0.0;0.0
0.09266967803719009;0.0052724707231404915
0.0;0.0
0.0;0.0
0.0;0.0
0.0;0.0
0.0;0.0
0.0;0.0
0.0;0.0
0.0;0.0
0.09320560747663552;0.0
0.0;0.0
0.09320560747663552;0.0
0.0;0.0
0.186411214953271;0.0
0.09320560747663552;0.0
0.0;0.0
0.0;0.0
0.09320560747663552;0.0
0.4660280373831776;0.0
0.8388504672897196;0.0
3.54181308411215;0.0
1.957317757009346;0.0
0.9320560747663551;0.0
0.0;0.0
0.0;0.0
1.6777009345794391;0.0
1.664502590673575;0.0
0.489559585492228;0.0
0.2937357512953368;0.0
0.0;0.0
0.0;0.0
1.4686787564766839;0.0
0.6853834196891192;0.0
0.0;0.0
0.0;0.0
0.1958238341968912;0.0
0.7832953367875648;0.0
2.9373575129533678;0.0
4.014388601036269;0.0
0.5874715025906736;0.0
0.1958238341968912;0.0
0.0;0.0
0.0;0.0
0.0;0.0
0.0;0.0
0.489559585492228;0.0
0.3916476683937824;0.0
3.5248290155440416;0.0
1.0770310880829017;0.0
0.0979119170984456;0.0
0.0;0.0
0.08933333333333301;0.0
0.0;0.0
0.0;0.0
0.0;0.0
0.0;0.0
0.0;0.0
0.0;0.0
0.0;0.0
0.0;0.0
0.0;0.0
0.0;0.0
0.0;0.0
0.0;0.0
0.0;0.0
0.0;0.0
0.0;0.0
0.0;0.0
0.0;0.0
0.08933333333333301;0.0
0.26799999999999996;0.0
0.17866666666666703;0.0
0.08933333333333301;0.0
0.08933333333333301;0.0
0.09076470588235294;0.0
0.0;0.0
0.0;0.0
0.0;0.0
0.0;0.0
0.0;0.0
0.0;0.0
0.09076470588235294;0.0
0.0;0.0
0.0;0.0
0.0;0.0
0.0;0.0
0.0;0.0
0.0;0.0
0.0;0.0
0.0;0.0
0.0;0.0
0.3630588235294118;0.0
0.7261176470588235;0.0
0.8168823529411765;0.0
0.9984117647058821;0.0
0.0;0.0
0.0;0.0
0.0;0.0
0.0;0.0
0.0;0.0
0.0;0.0
0.0;0.0
0.0;0.0
0.0;0.0
0.0;0.0
0.0;0.0
0.0;0.0
0.0;0.0
0.0;0.0
0.0;0.0
0.0;0.0
0.0;0.0
0.0;0.0
0.0;0.0
0.0;0.0
0.0;0.0
0.0;0.0
0.0;0.0
0.063;0.0
0.504;0.0
0.0;0.0
0.252;0.0
0.0;0.0
0.0;0.0
0.0;0.0
0.0;0.0
0.0;0.0
0.0;0.0
0.0;0.0
0.0;0.0
0.0;0.0
0.0;0.0
0.0;0.0
0.04751715000000001;0.01608285
0.0;0.0
0.0;0.0
0.20160118800000001;0.052798811999999994
0.04087095;0.02272905
0.060907494;0.066292506
0.0;0.0
0.0;0.0
0.0;0.0
0.0;0.0
0.0;0.0
0.011628146999999998;0.051971853000000005
0.003423746999999997;0.060176253000000006
0.0;0.0
0.0;0.0
0.0;0.0
0.0;0.0
0.0;0.0
0.0;0.0
0.0;0.38912
0.0;0.0
0.0;0.29184
0.0;0.09728
0.0;0.19456
0.0;0.19456
0.0;0.19456
0.0;0.19456
0.0;0.19456
0.0;0.29184
0.0;0.19456
0.0;0.0
0.0;0.09728
0.0;0.09728
0.0;0.0
0.0;0.0
0.0;0.0
0.0;0.0
0.0;0.0
0.0;0.0
0.0;0.0
0.0;0.0
0.0;0.0
0.0;0.0
0.0;0.0
0.0;0.0
0.0;0.0
0.0;0.0
0.0;0.0
0.0;0.0
0.0;0.0
0.0;0.0
0.0;0.0
0.0;0.0
0.0;0.0
0.0;0.0
0.0;0.0
0.0;0.0
0.0;0.0
0.0;0.0
0.0;0.0
0.0;0.245
0.0;0.19730769230769232
0.0;0.5919230769230769
0.0;0.5919230769230769
0.0;0.7892307692307693
0.0;0.39461538461538465
0.0;0.4932692307692308
0.0;0.5919230769230769
0.0;0.5919230769230769
0.0;0.39461538461538465
0.0;0.0
0.0;0.0
0.0;0.19730769230769232
0.0;0.0
0.0;0.0
0.0;0.0
0.0;0.09865384615384616
0.0;0.19730769230769232
0.0;0.0
0.0;0.0
0.0;0.0
0.0;0.0
0.0;0.0
0.0;0.0
0.0;0.0
0.0;0.0
0.0;0.0
0.0;0.0
0.0;0.0
0.0;0.0
0.0;0.0
0.0;0.0
0.0;0.0
0.0;0.0
0.0;0.0
0.0;0.0
0.0;0.0
0.0;0.0
0.0;0.0
0.0;0.0
0.0;0.0
0.0;0.0
0.0;0.0
0.0;0.0
0.0;0.0
0.0;0.0
0.0;0.0
0.0;0.0
0.0;0.0
0.0;0.0
0.0;0.0
0.0;0.0
0.0;0.0
0.0;0.0
0.0;0.0
0.0;0.0
0.0;0.0
0.0;0.0
0.0;0.0
0.0;0.0
0.0;0.0
0.0;0.0
0.0;0.0
0.0;0.0
0.0;0.0
0.0;0.0
0.0;0.0
0.0;0.0
0.0;0.0
0.0;0.0
0.0;0.0
0.0;0.0
0.0;0.0
0.0;0.0
0.0;0.0
0.0;0.0
0.0;0.0
0.0;0.0
0.0;0.0
0.0;0.0
0.0;0.0
0.0;0.0
0.0;0.0
0.0;0.0
0.0;0.0
0.0;0.0
0.0;0.0
0.0;0.0
0.0;0.0
0.0;0.0
0.0;0.0
0.0;0.0
0.0;0.0
0.0;0.0
0.0;0.0
0.0;0.0
0.0;0.0
0.0;0.0
0.0;0.0
0.0;0.0
0.0;0.0
0.0;0.0
0.0;0.0
0.0;0.0
0.0;0.0
0.0;0.0
0.0;0.0
0.0;0.0
0.0;0.0
0.0;0.0
0.0;0.0
0.0;0.0
0.0;0.0
0.0;0.0
0.0;0.0
0.0;0.0
0.0;0.0
0.0;0.0
0.0;0.0
0.0;0.0
0.0;0.0
0.0;0.0
0.0;0.0
0.0;0.0
0.0;0.0
0.0;0.0
0.0;0.0
0.0;0.0
0.0;0.0
0.0;0.0
0.0;0.0
0.0;0.0
0.0;0.0
0.0;0.0
0.0;0.0
0.0;0.0
0.0;0.0
0.0;0.0
0.0;0.0
0.0;0.0
0.0;0.0
0.0;0.0
0.0;0.0
0.0;0.0
0.0;0.0
0.0;0.0
0.0;0.0
0.20980000000000001;0.0
0.0;0.0
0.0;0.0
0.0;0.0
0.0;0.0
0.0;0.0
0.0;0.0
0.0;0.0
0.0;0.0
0.0;0.0
1.049;0.0
0.0;0.0
0.0;0.0
0.0;0.0
0.0;0.0
0.0;0.0
0.0;0.0
0.0;0.0
0.0;0.0
0.0;0.0
0.0;0.0
0.8392000000000001;0.0
0.13165384615384598;0.0
0.9654615384615401;0.0
0.043884615384615404;0.0
0.0;0.0
0.0;0.0
0.0;0.0
0.0;0.0
0.0;0.0
0.0;0.0
0.0;0.0
0.0;0.0
0.0;0.0
0.0;0.0
0.0;0.0
0.0;0.0
0.0;0.0
0.0;0.0
0.0;0.0
0.0;0.0
0.0;0.0
0.0;0.0
0.0;0.0
0.0;0.0
0.0;0.0
0.0;0.0
0.0;0.0
0.0;0.0
0.0;0.0
0.0;0.0
0.0;0.0
0.0;0.0
0.0;0.0
0.0;0.0
0.0;0.0
0.0;0.0
0.0;0.0
0.0;0.0
0.0;0.0
0.0;0.0
0.0;0.0
0.0;0.0
0.0;0.0
0.0;0.0
0.0;0.0
0.05251351351351351;0.0
0.787702702702703;0.0
1.05027027027027;0.0
0.05251351351351351;0.0
0.0711388888888889;0.0
0.569111111111111;0.0
1.138222222222222;0.0
0.2134166666666667;0.0
0.42683333333333295;0.0
0.0711388888888889;0.0
0.0;0.0
0.0;0.0
0.0711388888888889;0.0
0.0;0.0
0.0;0.0
0.0;0.0
0.0;0.0
0.0;0.0
0.0;0.0
0.0;0.0
0.0;0.0
0.0;0.0
0.0;0.0
0.0;0.0
0.0;0.0
0.0;0.0
0.0;0.0
0.0;0.0
0.0;0.0
0.0;0.0
0.0;0.0
0.0;0.0
0.0;0.0
0.0;0.0
0.0;0.0
0.0;0.0
0.0;0.0
0.0;0.0
0.0;0.0
0.0;0.0
0.0;0.0
0.0;0.0
0.0;0.0
0.0;0.0
0.0;0.0
0.0;0.0
0.0;0.0
0.0;0.0
0.0;0.0
0.0;0.0
0.0;0.0
0.0;0.0
0.0;0.0
0.0;0.0
0.0;0.0
0.0;0.0
0.0;0.0
0.0;0.0
0.0;0.0
0.0;0.0
0.0;0.0
0.0;0.0
0.0;0.0
0.0;0.0
0.0;0.0
0.0;0.0
0.0;0.0
0.0;0.0
0.0;0.0
0.0;0.0
0.0;0.0
0.0;0.0
0.0;0.0
0.0;0.0
0.0;0.0
0.0;0.0
0.0;0.0
0.0;0.0
0.0;0.0
0.0;0.0
0.0;0.0
0.0;0.0
0.0;0.0
0.0;0.0
0.0;0.0
0.0;0.0
0.0;0.0
0.0;0.0
0.0;0.0
0.0;0.0
0.0;0.0
0.0;0.0
0.0;0.0
0.0;0.0
0.0;0.0
0.0;0.0
0.0;0.0
0.0;0.0
0.0;0.0
0.0;0.0
0.0;0.0
0.0;0.0
0.0;0.0
0.0;0.0
0.0;0.0
0.0;0.0
0.0;0.0
0.0;0.0
0.0;0.0
0.0;0.0
0.0;0.0
0.0;0.0
0.0;0.0
0.0;0.0
0.0;0.0
0.0;0.0
0.0;0.0
0.0;0.0
0.0;0.0
0.0;0.0
0.0;0.0
0.0;0.0
0.0;0.0
0.0;0.0
0.0;0.0
0.0;0.0
0.0;0.0
0.0;0.0
0.0;0.0
0.0;0.0
0.0;0.0
0.0;0.0
0.0;0.0
0.0;0.0
0.0;0.0
0.0;0.0
0.0;0.0
0.0;0.0
0.0;0.0
0.0;0.0
0.0;0.0
0.0;0.0
0.0;0.0
0.0;0.0
0.0;0.0
0.0;0.0
0.0;0.0
0.0;0.0
0.0;0.0
0.0;0.0
0.0;0.0
0.0;0.0
0.0;0.0
0.0;0.0
0.0;0.0
0.0;0.0
0.0;0.0
0.0;0.0
0.0;0.0
0.0;0.0
0.0;0.0
0.0;0.0
0.0;0.0
0.0;0.0
0.0;0.0
0.0;0.0
0.0;0.0
0.0;0.0
0.0;0.0
0.0;0.0
0.0;0.0
0.0;0.0
0.0;0.0
0.0;0.0
0.0;0.0
0.0;0.0
0.0;0.0
0.0;0.0
0.0;0.0
0.0;0.0
0.0;0.0
0.0;0.0
0.0;0.0
0.0;0.0
0.0;0.0
0.0;0.0
0.0;0.0
0.0;0.0
0.0;0.0
0.0;0.0
0.0;0.0
0.0;0.0
0.0;0.0
0.02133750000000001;0.0036625000000000004
0.0;0.0
0.0;0.0
0.0;0.0
0.0;0.0
0.0;0.0
0.0;0.0
0.0;0.0
0.0;0.0
0.0;0.0
0.0;0.0
0.0;0.0
0.0;0.0
0.0;0.0
0.0;0.0
0.0;0.0
0.0;0.0
0.0;0.0
0.0;0.0
0.0;0.0
0.0;0.0
0.0;0.0
0.0;0.0
0.0;0.0
0.0;0.0
0.0;0.0
0.0;0.0
0.0;0.0
0.0;0.0
0.0;0.0
0.0;0.0
0.0;0.0
0.0;0.0
0.0;0.0
0.0;0.0
0.0;0.0
0.0;0.0
0.0;0.0
0.0;0.0
0.0;0.0
0.0;0.0
0.0;0.0
0.0;0.0
0.0;0.0
0.0;0.0
0.0;0.0
0.0;0.0
0.0;0.0
0.0;0.0
0.0;0.0
0.0;0.0
0.0;0.0
0.0;0.0
0.0;0.0
0.0;0.0
0.0;0.0
0.0;0.0
0.0;0.0
0.0;0.0
0.0;0.0
0.0;0.0
0.0;0.0
0.0;0.0
0.0;0.0
0.0;0.0
0.0;0.0
0.0;0.0
0.0;0.0
0.0;0.0
0.0;0.0
0.0;0.0
0.0;0.0
0.0;0.0
0.0;0.0
0.0;0.0
0.0;0.0
0.0;0.0
0.0;0.0
0.0;0.0
0.0;0.0
0.0;0.0
0.0;0.0
0.0;0.0
0.0;0.0
0.0;0.0
0.0;0.0
0.0;0.0
0.0;0.0
0.0;0.0
0.0;0.0
0.0;0.0
0.0;0.0
0.0;0.0
0.0;0.0
0.0;0.0
0.0;0.0
0.0;0.0
0.0;0.0
0.0;0.0
0.0;0.0
0.0;0.0
0.0;0.0
0.0;0.0
0.0;0.0
0.0;0.0
0.0;0.0
0.0;0.0
0.0;0.0
0.0;0.0
0.0;0.0
0.0;0.0
0.0;0.0
0.0;0.0
0.0;0.0
0.0;0.0
0.0;0.0
0.0;0.0
0.0;0.0
0.0;0.0
0.0;0.0
0.0;0.0
0.0;0.0
0.0;0.0
0.0;0.0
0.0;0.0
0.0;0.0
0.0;0.0
0.0;0.0
0.0;0.0
0.0;0.0
0.0;0.0
0.0;0.0
0.0;0.0
0.0;0.0
0.0;0.0
0.0;0.0
0.0;0.0
0.0;0.0
0.29917391304347796;0.0
0.042739130434782606;0.0
0.0;0.0
0.0;0.0
0.641086956521739;0.0
0.0;0.0
0.0;0.0
0.0;0.0
0.0;0.0
0.0;0.0
0.049625000000000016;0.00037500000000000326
0.0;0.0
0.0;0.0
0.0;0.0
0.0;0.0
0.0;0.0
0.0;0.0
0.0;0.0
0.0;0.0
0.0;0.0
0.0;0.0
0.0;0.0
0.0;0.0
0.0;0.0
0.0;0.0
0.0;0.0
0.0;0.0
0.0;0.0
0.0;0.0
0.0;0.0
0.0;0.0
0.0;0.0
0.0;0.0
0.0;0.0
0.0;0.0
0.0;0.0
0.0;0.0
0.0;0.0
0.0;0.0
0.0;0.0
0.0;0.0
0.0;0.0
0.0;0.0
0.0;0.0
0.0;0.0
0.0;0.0
0.0;0.0
0.0;0.0
0.0;0.0
0.0;0.0
0.0;0.0
0.0;0.0
0.0;0.0
0.0;0.0
0.0;0.0
0.0;0.0
0.0;0.0
0.0;0.0
0.0;0.0
0.0;0.0
0.0;0.0
0.0;0.0
0.0;0.0
0.0;0.0
0.0;0.0
0.0;0.0
0.0;0.0
0.0;0.0
0.0;0.0
0.0;0.0
0.0;0.0
0.0;0.0
0.0;0.0
0.0;0.0
0.0;0.0
0.0;0.0
0.0;0.0
0.0;0.0
0.0;0.0
0.0;0.0
0.0;0.0
0.0;0.0
0.0;0.0
0.0;0.0
0.0;0.0
0.0;0.0
0.0;0.0
0.0;0.0
0.0;0.0
0.0;0.0
0.0;0.0
0.0;0.0
0.0;0.0
0.0;0.0
0.0;0.0
0.0;0.0
0.0;0.0
0.0;0.0
0.0;0.0
0.0;0.0
0.0;0.0
0.0;0.0
0.0;0.0
0.0;0.0
0.0;0.0
0.0;0.0
0.0;0.0
0.0;0.0
0.0;0.0
0.0;0.0
0.0;0.0
0.0;0.0
0.0;0.0
0.0;0.0
0.0;0.0
0.0;0.0
0.0;0.0
0.0;0.0
0.0;0.0
0.0;0.0
0.0;0.0
0.0;0.0
0.0;0.0
0.0;0.0
0.0;0.0
0.0;0.0
0.0;0.0
0.0;0.0
0.0;0.0
0.0;0.0
0.0;0.0
0.0;0.0
0.0;0.0
0.0;0.0
0.0;0.0
0.0;0.0
0.0;0.0
0.0;0.0
0.0;0.0
0.0;0.0
0.0;0.0
0.0;0.0
0.0;0.0
0.0;0.0
0.0;0.0
0.0;0.0
0.0;0.0
0.0;0.0
0.0;0.0
0.0;0.0
0.0;0.0
0.0;0.0
0.0;0.0
0.0;0.0
0.0;0.0
0.0;0.0
0.0;0.0
0.0;0.0
0.0;0.0
0.0;0.0
0.0;0.0
0.0;0.0
0.0;0.0
0.0;0.0
0.8462741116751269;0.0
1.598517766497462;0.0
1.4104568527918782;0.0
1.880609137055838;0.0
2.914944162436548;0.0
3.9492791878172593;0.0
0.1880609137055838;0.0
0.0;0.0
0.0;0.0
0.0;0.0
3.9492791878172593;0.0
0.9907295763959391;0.41972727639593904
0.2849433143147208;0.09117851309644669
0.0;0.0
0.032465940096153875;0.012495598365384629
0.08315636538461516;0.051728249999999844
0.0;0.0
0.017932122788461555;0.027029415673076953
0.018091399038461554;0.026870139423076953
0.0;0.0
0.0;0.0
0.01955826923076925;0.025403269230769254
0.0;0.0
0.0;0.0
0.0;0.0
0.0;0.0
0.19626666971153817;0.028541022596153817
0.0;0.0
0.0;0.0
0.17466073961538478;0.005185414230769242
0.17548095048076898;0.049326741826923017
0.0;0.0
0.0;0.0
0.0;0.0
0.0;0.0
0.14435666269230782;0.03548949115384619
0.03443300740384619;0.010528531057692317
0.0;0.0
0.0;0.0
0.0;0.0
0.0729595;0.012799536144578311
0.0;0.0
0.0;0.0
0.0;0.0
0.0;0.0
0.0;0.0
0.0;0.0
0.0;0.0
0.0;0.0
0.0;0.0
1.735732232710844;0.06520752632530114
0.42703626289156627;0.6020721708433736
0.32622801668674706;0.44560330861445796
0.09167640963855421;0.0798416626506024
0.0;0.0
0.050551307048192766;0.03520772909638554
0.5051307995783134;0.2667005257228916
0.5132350284939761;0.258596296807229
0.3746520708433738;0.3114202183132533
0.34758073030120495;0.42425059500000006
0.05297764457831325;0.11854042771084336
0.023462018427835053;0.06988849703608248
0.06075928337628868;0.21929226301546395
0.015010062757731958;0.07834045270618556
0.039945852448453605;0.42680672487113397
0.0022635166237113384;0.2777880297680413
0.0;0.3734020618556701
0.0;0.09335051546391752
0.0;0.09335051546391752
0.0;0.18670103092783502
0.0;0.0
0.02325991456185567;0.07009060090206186
0.5020451399484538;1.5516662002577324
0.46240641069587624;1.3112533831185567
0.23916402061855668;0.5076401030927835
0.0;0.0
0.0654699837628866;0.12123104716494842
0.2679159793814433;0.4788881443298969
0.1947520461340206;0.3653510466494845
0.0363093831185567;0.05704113234536082
0.15791756636597937;0.30883501095360827
0.07741114832474227;0.20264039806701034
0.0;0.0
0.0292070425257732;0.06414347293814433
0.0;0.0
0.0;0.0
0.0;0.0
0.0;0.0
0.23877826060606058;0.5151611333333334
0.17035826060606063;0.5835811333333333
0.1036866931818182;0.367525428030303
0.06797258409090907;0.21475468863636366
0.4250948265151515;1.1770263856060605
0.28869988636363636;0.5594819318181818
0.7808913136363634;0.9154723227272725
1.2094111454545453;1.0524070363636364
0.8161982954545454;0.5974380681818182
0.0;0.0
0.1923725840909091;0.09035468863636363
0.2002769318181818;0.08245034090909091
0.06562029318181818;0.02862213106060606
0.0;0.0
0.36165483181818175;0.20379971363636365
0.2032026878787879;0.1737670090909091
0.24319210454545453;0.32226244090909095
0.026246515151515153;0.06799590909090909
0.0;0.0
0.024581487121212123;0.06966093712121212
0.0;0.0
0.0;0.0
0.0;0.0
0.0;0.0
0.016560931249999994;0.22593906875
0.0;0.0
0.0;0.08083333333333331
0.0;0.08083333333333331
0.0;0.0
0.0;0.0
0.0;0.0
0.0;0.0
0.0;0.0
0.139289575;0.1840437583333333
0.12282624999999998;0.11967375000000001
0.121735;0.120765
0.0;0.0
0.11968749166666665;0.20364584166666666
0.03776250416666668;0.12390416250000003
0.014327708333333331;0.06650562499999998
0.01571541458333333;0.06511791874999998
0.03450249583333335;0.12716417083333337
0.07699375;0.2463395833333333
0.084848325;0.23848500833333333
0.06422188125;0.17827811875
0.04530753675675676;0.14301678756756755
0.05874518351351352;0.22374130297297298
0.016788407297297296;0.07737375486486488
0.0;0.0
0.0;0.0
0.0;0.0
0.0;0.0
0.0;0.0
0.01820460621621622;0.07595755594594594
0.022261582972972968;0.0719005791891892
0.0;0.0
0.0;0.0
0.0;0.0
0.044997743243243245;0.049164418918918915
0.05117713513513514;0.04298502702702703
0.0;0.0
0.0;0.0
0.0;0.0
0.6504032424324323;1.327002162972973
0.020295947837837836;0.07386621432432433
0.016733322432432435;0.07742883972972973
0.006226472972972972;0.08793568918918919
0.0;0.0
0.0;0.2824864864864865
0.0;0.0
0.0;0.049666666666667
0.0;0.024833333333333305
0.0;0.0
0.0;0.0
0.0;0.0
0.0;0.0
0.0;0.0
0.0;0.0
0.0;0.0
0.0;0.0
0.0;0.0
0.008035632083333324;0.01679770124999998
0.004373770833333328;0.020459562499999976
0.0;0.0
0.0;0.0
0.0022143262499999964;0.02261900708333331
0.0;0.0
0.0;0.0
0.0;0.0
0.0;0.0
0.0;0.0
0.0;0.0
0.0;0.0
0.0;0.0
0.0;0.0
0.0;0.0
0.0;0.0
0.0;0.0
0.0;0.0
0.0;0.0
0.0;0.0
0.0;0.09720833333333334
0.0;0.09720833333333334
0.0244965;0.16992016666666668
0.01613658333333337;1.5391967500000001
0.0;1.1664999999999999
0.0;1.0692916666666668
0.0;0.0
0.0;0.3888333333333333
0.0;0.0
0.0;0.0
0.0;0.09720833333333334
0.0;0.0
0.0;0.0
0.0;0.0
0.0;0.0
0.0;0.0
0.0;0.0
0.0;0.0
0.0;0.0
0.0;0.0
0.0;0.0
0.0;0.0
0.0;0.0
0.0;0.0
0.0;0.0
0.0;0.0
0.0;0.0
0.0;0.0
0.0;0.0
0.0;0.0
0.0;0.0
0.0;0.0
0.0;0.0
0.0;0.0
0.0;0.0
0.0;0.0
0.0;0.0
0.0;0.0
0.0;0.0
0.0;0.0
0.0;0.0
0.0;0.0
0.0;0.0
0.0;0.0
0.0;0.0
0.0;0.0
0.0;0.0
0.0;0.0
0.0;0.0
0.0;0.0
0.0;0.0
0.0;0.0
0.0;0.0
0.0;0.0
0.0;0.0
0.0;0.0
0.0;0.0
0.0;0.0
0.0;0.0
0.0;0.0
0.0;0.0
0.0;0.0
0.0;0.0
0.0;0.0
0.0;0.0
0.0;0.0
0.0;0.0
0.0;0.0
0.0;0.0
0.0;0.0
0.0;0.0
0.0;0.0
0.0;0.0
0.0;0.0
0.0;0.0
0.0;0.0
0.0;0.0
0.0;0.0
0.0;0.0
0.0;0.0
0.0;0.0
0.0;0.0
0.0;0.0
0.0;0.0
0.0;0.0
0.0;0.0
0.0;0.0
0.0;0.0
0.0;0.0
0.0;0.0
0.0;0.0
0.0;0.0
0.0;0.0
0.0;0.0
0.0;0.0
0.0;0.0
0.0;0.0
0.0;0.0
0.0;0.0
0.0;0.0
0.0;0.0
0.0;0.0
0.0;0.0
0.0;0.0
0.0;0.0
0.0;0.0
0.0;0.0
0.0;0.0
0.0;0.0
0.0;0.0
0.0;0.0
0.0;0.0
0.0;0.0
0.0;0.0
0.0;0.0
0.0;0.0
0.0;0.0
0.0;0.0
0.0;0.0
0.0;0.0
0.0;0.0
0.0;0.0
0.0;0.0
0.0;0.0
0.0;0.0
0.0;0.0
0.0;0.0
0.0;0.0
0.0;0.0
0.0;0.0
0.0;0.0
0.0;0.0
0.0;0.0
0.0;0.0
0.0;0.0
0.0;0.0
0.0;0.0
0.0;0.0
0.0;0.0
0.0;0.0
0.0;0.0
0.0;0.0
0.0;0.0
0.0;0.0
0.0;0.0
0.0;0.0
0.0;0.0
0.0;0.0
0.0;0.0
0.0;0.0
0.0;0.0
0.0;0.0
0.0;0.0
0.0;0.0
0.0;0.0
0.0;0.0
0.0;0.0
0.0;0.0
0.0;0.0
0.0;0.0
0.0;0.0
0.0;0.0
0.0;0.0
0.0;0.0
0.0;0.0
0.0;0.0
0.0;0.0
0.0;0.0
0.0;0.0
0.0;0.0
0.0;0.0
0.0;0.0
0.0;0.0
0.0;0.0
0.0;0.0
0.0;0.0
0.0;0.0
0.0;0.0
0.0;0.0
0.0;0.0
0.0;0.0
0.0;0.0
0.02500000000000001;0.0
0.0;0.0
0.0;0.0
1.1131999999999997;0.0
0.0;0.0
0.6292000000000001;0.0
0.093333471;0.051866529
0.0227964;0.025603600000000004
0.0;0.0
0.0;0.0
0.0;0.0
0.0;0.0
0.0;0.0
0.0;0.0
0.0;0.0
0.0;0.0
0.0;0.0
0.0;0.0
0.0;0.0
0.0;0.0
0.0;0.0
0.0;0.0
0.0;0.0
0.0;0.0
0.0;0.0
0.0;0.0
0.0;0.0
0.0;0.0
0.0;0.0
0.0;0.0
0.0;0.0
0.0;0.0
0.0;0.0
0.0;0.0
0.0;0.0
0.0;0.0
0.0;0.0
0.0;0.0
0.0;0.0
0.0;0.0
0.0;0.0
0.0;0.0
0.0;0.0
0.0;0.0
0.0;0.0
0.0;0.0
0.0;0.0
0.0;0.0
0.0;0.0
0.0;0.0
0.0;0.0
0.0;0.0
0.0;0.0
0.0;0.0
0.0;0.0
0.0;0.0
0.0;0.0
0.0;0.0
0.0;0.0
0.0;0.0
0.0;0.0
0.0;0.0
0.0;0.0
0.0;0.0
0.0;0.0
0.0;0.0
0.0;0.0
0.0;0.0
0.0;0.0
0.0;0.0
0.0;0.0
0.0;0.0
0.0;0.0
0.0;0.0
0.0;0.0
0.0;0.0
0.0;0.0
0.0;0.0
0.0;0.0
0.0;0.0
0.0;0.0
0.0;0.0
0.0;0.0
0.0;0.0
0.0;0.0
0.0;0.0
0.0;0.0
0.0;0.0
0.0;0.0
0.0;0.0
0.0;0.0
0.0;0.0
0.0;0.0
0.0;0.0
0.0;0.0
0.0;0.0
0.0;0.0
0.0;0.0
0.0;0.0
0.0;0.0
0.0;0.0
0.0;0.0
0.0;0.0
0.0;0.0
0.0;0.0
0.0;0.0
0.0;0.0
0.0;0.0
0.0;0.0
0.0;0.0
0.0;0.0
0.0;0.0
0.0;0.0
0.0;0.0
0.0;0.0
0.0;0.0
0.0;0.0
0.0;0.0
0.0;0.0
0.0;0.0
0.0;0.0
0.0;0.0
0.0;0.0
0.0;0.0
0.0;0.0
0.0;0.0
0.0;0.0
0.0;0.0
0.0;0.0
0.0;0.0
0.0;0.0
0.0;0.0
0.0;0.0
0.0;0.0
0.0;0.0
0.0;0.0
0.0;0.0
0.0;0.0
0.0;0.0
0.0;0.0
0.0;0.0
0.0;0.0
0.0;0.0
0.0;0.0
0.0;0.0
0.0;0.0
0.0;0.0
0.0;0.0
0.0;0.0
0.0;0.0
0.0;0.0
0.0;0.0
0.0;0.0
0.0;0.0
0.0;0.0
0.0;0.0
0.0;0.0
0.0;0.0
0.0;0.0
0.0;0.0
0.0;0.0
0.0;0.0
0.0;0.0
0.0;0.0
0.0;0.0
0.0;0.0
0.0;0.0
0.0;0.0
0.0;0.0
0.0;0.0
0.0;0.0
0.0;0.0
0.0;0.0
0.0;0.0
0.0;0.0
0.0;0.0
0.0;0.0
0.0;0.0
0.0;0.0
0.0;0.0
0.0;0.0
0.0;0.0
0.0;0.0
0.0;0.0
0.0;0.0
0.0;0.0
0.0;0.0
0.0;0.0
0.0;0.0
0.0;0.0
0.0;0.0
0.0;0.0
0.0;0.0
0.0;0.0
0.0;0.0
0.0;0.0
0.0;0.0
0.0;0.0
0.0;0.0
0.0;0.0
0.0;0.0
0.0;0.0
0.0;0.0
0.0;0.0
0.0;0.0
0.0;0.0
0.0;0.0
0.0;0.0
0.0;0.0
0.0;0.0
0.0;0.0
0.0;0.0
0.0;0.0
0.0;0.0
0.0;0.0
0.0;0.0
0.0;0.0
0.0;0.0
0.0;0.0
0.0;0.0
0.0;0.0
0.0;0.0
0.0;0.0
0.0;0.0
0.0;0.0
0.0;0.0
0.0;0.0
0.0;0.0
0.0;0.0
0.0;0.0
0.0;0.0
0.0;0.0
0.0;0.0
0.0;0.0
0.17686228571428533;0.010566285714285703
0.437209005714286;0.3125052800000001
0.0;0.5154285714285711
0.0;0.18742857142857103
0.0;0.0
0.0;0.0
0.0;0.0
0.0;0.0
0.0;0.0
0.0;0.0
0.0;0.0
0.0;0.0
0.0;0.0
0.0;0.0
0.0;0.0
0.0;0.024823529411764703
0.0;0.024823529411764703
0.0;0.04964705882352902
0.0;0.0
0.0;0.0
0.0;0.04964705882352902
0.0;0.17376470588235293
0.0;0.0
0.0;0.024823529411764703
0.0;0.0
0.0;0.0
0.0;0.0
0.0;0.0
0.0;0.0
0.0;0.024823529411764703
0.0;0.024823529411764703
0.0;0.024823529411764703
0.0;0.25694117647058795
0.0;0.042823529411764705
0.0;0.0
0.0;0.0
0.0;0.08564705882352901
0.0;0.042823529411764705
0.0;0.042823529411764705
0.0;0.0
0.0;0.042823529411764705
0.0;0.12847058823529398
0.0;0.0
0.0;0.0
0.0;0.0
0.0;0.0
0.0;0.08564705882352901
0.0;0.0
0.0;0.0
0.0;0.0
0.0;0.0
0.0;0.0
0.0;0.0
0.0;0.0
0.0;0.0
0.0;0.0
0.0;0.0
0.0;0.0
0.0;0.0
0.0;0.0
0.0;0.0
0.0;0.0
0.0;0.0
0.0;0.0
0.0;0.0
0.0;0.0
0.0;0.0
0.0;0.0
0.0;0.0
0.0;0.0
0.0;0.0
0.0;0.0
0.0;0.0
0.0;0.0
0.0;0.0
0.0;0.0
0.0;0.0
0.0;0.0
0.0;0.0
0.0;0.0
0.0;0.0
0.0;0.0
0.0;0.0
0.0;0.0
0.0;0.0
0.0;0.0
0.0;0.0
0.0;0.0
0.0;0.0
0.0;0.0
0.0;0.0
0.0;0.0
0.0;0.0
0.0;0.0
0.0;0.0
0.0;0.0
0.0;0.0
0.0;0.0
0.0;0.0
0.0;0.0
0.0;0.0
0.0;0.0
0.02500000000000001;0.0
0.0;0.0
0.0;0.0
0.0;0.0
0.02500000000000001;0.0
0.0;0.0
0.0;0.0
0.0;0.0
0.0;0.0
0.0;0.0
0.0;0.0
0.0;0.0
0.0;0.0
0.0;0.0
0.0;0.0
0.0;0.0
0.0;0.0
0.0;0.0
0.0;0.0
0.02500000000000001;0.0
0.0;0.0
0.0;0.0
0.0;0.0
0.0;0.0
0.0;0.0
0.0;0.0
0.0;0.0
0.0;0.0
0.0;0.0
0.0;0.0
0.0;0.0
0.0;0.0
0.0;0.0
0.0;0.0
0.0;0.0
0.0;0.0
0.0;0.0
0.0;0.0
0.0;0.0
0.0;0.0
0.044375000000000005;0.0
0.31062499999999993;0.0
0.221875;0.0
0.133125;0.0
0.133125;0.0
0.133125;0.0
0.0;0.0
0.028481317187500004;0.0158936828125
0.017973760937500003;0.026401239062500005
0.0;0.0
0.008730207500000003;0.040269792500000005
0.009624335000000001;0.08837566500000002
0.021682499999999993;0.2723175
0.015459254999999993;0.278540745
0.014830340000000022;0.3771696600000001
0.007803495000000007;0.286196505
0.006957999999999996;0.18904200000000004
0.01216817000000001;0.18383183000000003
0.019091624999999994;0.127908375
0.024871665;0.07312833500000002
0.0;0.0
0.0;0.0
0.0;0.0
0.0;0.0
0.0;0.0
0.0;0.0
0.0;0.0
0.0;0.0
0.0;0.0
0.0;0.0
0.0;0.0
0.0;0.0
0.0;0.0
0.0;0.0
0.0;0.0
0.0;0.0
0.0;0.0
0.0;0.0
0.0;0.0
0.0;0.0
0.0;0.09946666666666704
0.0;0.12433333333333302
0.0;0.0746
0.004465618166666673;0.020401048500000032
0.0;0.0
0.025782630333333167;0.02395070299999985
0.0;0.0
0.0;0.0
0.0;0.0
0.0;0.0
0.0;0.0
0.0;0.0
0.0;0.0
0.0;0.0
0.0;0.0
0.0;0.0
0.0;0.0
0.0;0.0
0.0;0.0
0.0;0.0
0.0;0.0
0.0;0.0
0.0;0.0
0.0;0.0
0.0;0.0
0.0;0.0
0.0;0.0
0.0;0.0
0.0;0.0
0.0;0.0
0.0;0.0
0.0;0.0
0.0;0.0
0.0;0.0
0.0;0.0
0.0;0.0
0.015456250000000005;0.03454375000000001
0.0;0.0
0.0;0.0
0.0;0.0
0.0;0.0
0.0;0.0
0.0;0.0
0.0;0.0
0.0;0.0
0.0;0.0
0.0;0.0
0.0;0.0
0.0;0.0
0.0;0.0
0.0;0.0
0.0;0.0
0.0;0.0
0.0;0.0
0.0;0.0
0.0;0.0
0.0;0.0
0.0;0.0
0.0;0.0
0.0;0.0
0.0;0.0
0.0;0.0
0.0;0.0
0.0;0.0
0.0;0.0
0.0;0.0
0.0;0.0
0.0;0.0
0.0;0.0
0.0;0.0
0.0;0.0
0.0;0.0
0.0;0.0
0.0;0.0
0.0;0.0
0.0;0.0
0.0;0.0
0.0;0.0
0.0;0.0
0.0;0.0
0.0;0.0
0.0;0.0
0.0;0.0
0.0;0.0
0.0;0.0
0.0;0.0
0.0;0.0
0.0;0.0
0.0;0.0
0.0;0.0
0.0;0.0
0.0;0.0
0.0;0.0
0.0;0.0
0.0;0.0
0.0;0.0
0.0;0.0
0.0;0.0
0.0;0.0
0.0;0.0
0.0;0.0
0.0;0.0
0.0;0.0
0.0;0.0
0.0;0.0
0.0;0.0
0.0;0.0
0.0;0.0
0.0;0.0
0.0;0.0
0.0;0.0
0.0;0.0
0.0;0.0
0.0;0.0
0.0;0.0
0.0;0.0
0.0;0.0
0.0;0.0
0.0;0.0
0.0;0.0
0.0;0.0
0.0;0.0
0.0;0.0
0.0;0.0
0.0;0.0
0.0;0.0
0.0;0.0
0.0;0.0
0.0;0.0
0.0;0.0
0.0;0.0
0.0;0.0
0.0;0.0
0.0;0.0
0.0;0.0
0.0;0.0
0.0;0.0
0.0;0.0
0.0;0.0
0.0;0.0
0.0;0.0
0.0;0.0
0.0;0.0
0.0;0.0
0.0;0.0
0.0;0.0
0.0;0.0
0.0;0.0
0.327833333333333;0.0
0.0;0.0
0.0;0.0
0.0;0.0
0.0;0.0
0.655666666666667;0.0
0.14049999999999999;0.0
0.0;0.0
0.0;0.0
0.0;0.0
0.0;0.0
0.0;0.0
0.0;0.0
0.0;0.0
0.0;0.0
0.0;0.0
0.0;0.0
0.0;0.0
0.0;0.0
0.0;0.0
0.0;0.0
0.0;0.0
0.0;0.0
0.0;0.0
0.0;0.0
0.0;0.0
0.0;0.0
0.0;0.0
0.0;0.0
0.0;0.0
0.0;0.0
0.0;0.0
0.0;0.0
0.0;0.0
0.0;0.0
0.0;0.0
0.0;0.0
0.0;0.0
0.0;0.0
0.0;0.0
0.0;0.0
0.0;0.0
0.0;0.0
0.0;0.0
0.0;0.0
0.0;0.0
0.0;0.0
0.0;0.0
0.049777777777778004;0.0
0.17422222222222195;0.0
0.0;0.0
0.0;0.0
0.0;0.0
0.0;0.0
0.0;0.0
0.0;0.0
0.0;0.0
0.0;0.0
0.0;0.0
0.0;0.0
0.0;0.0
0.0;0.0
0.0;0.0
0.0;0.0
0.0;0.0
0.0;0.0
0.0;0.0
0.0;0.0
0.0;0.0
0.0;0.0
0.0;0.0
0.0;0.0
0.0;0.0
0.0;0.0
0.0;0.0
0.0;0.0
0.0;0.0
0.0;0.0
0.0;0.0
0.0;0.0
0.0;0.0
0.0;0.0
0.0;0.0
0.0;0.0
0.0;0.0
0.0;0.0
0.0;0.0
0.0;0.0
0.0;0.0
0.0;0.0
0.0;0.0
0.0;0.0
0.0;0.0
0.0;0.0
0.0;0.0
0.0;0.0
0.0;0.0
0.0;0.0
0.0;0.0
0.0;0.0
0.0;0.0
0.0;0.0
0.0;0.0
0.0;0.0
0.0;0.0
0.0;0.0
0.0;0.0
0.0;0.0
0.0;0.0
0.0;0.0
0.0;0.0
0.0;0.0
0.0;0.0
0.0;0.0
0.0;0.0
0.0;0.0
0.0;0.0
0.0;0.0
0.0;0.0
0.0;0.0
0.0;0.0
0.0;0.0
0.0;0.0
0.0;0.0
0.0;0.0
0.0;0.0
0.0;0.0
0.0;0.0
0.0;0.0
0.0;0.0
0.0;0.0
0.0;0.0
0.0;0.0
0.0;0.0
0.0;0.0
0.0;0.0
0.0;0.0
0.0;0.0
0.0;0.0
0.0;0.0
0.0;0.0
0.0;0.0
0.0;0.0
0.0;0.0
0.0;0.0
0.0;0.0
0.0;0.0
0.0;0.0
0.0;0.0
0.0;0.0
0.0;0.0
0.0;0.0
0.0;0.0
0.0;0.0
0.0;0.0
0.0;0.0
0.0;0.0
0.0;0.0
0.0;0.0
0.0;0.0
0.0;0.0
0.0;0.0
0.0;0.0
0.0;0.0
0.0;0.0
0.0;0.0
0.0;0.0
0.0;0.0
0.0;0.0
0.0;0.0
0.0;0.0
0.0;0.0
0.0;0.0
0.0;0.0
0.0;0.0
0.0;0.0
0.0;0.0
0.0;0.0
0.0;0.0
0.0;0.0
0.0;0.0
0.0;0.0
0.0;0.0
0.0;0.0
0.0;0.0
0.0;0.0
0.0;0.0
0.0;0.0
0.0;0.0
0.0;0.0
0.0;0.0
0.0;0.0
0.0;0.0
0.0;0.0
0.0;0.0
0.0;0.0
0.0;0.0
0.0;0.0
0.0;0.0
0.0;0.0
0.0;0.0
0.0;0.0
0.0;0.0
0.0;0.0
0.0;0.0
0.0;0.0
0.0;0.0
0.0;0.0
0.0;0.0
0.0;0.0
0.0;0.0
0.0;0.0
0.0;0.0
0.0;0.0
0.0;0.0
0.0;0.0
0.0;0.0
0.0;0.0
0.0;0.0
0.0;0.0
0.0;0.0
0.0;0.0
0.286642857142857;0.0
0.1146571428571428;0.0
0.22931428571428603;0.0
0.9172571428571431;0.0
0.343971428571429;0.0
0.9172571428571431;0.0
0.8025999999999999;0.0
0.40129999999999993;0.0
0.09929411764705903;0.0
0.124117647058823;0.0
0.0;0.0
0.0;0.0
0.0;0.0
0.0;0.0
0.04964705882352902;0.0
0.14894117647058797;0.0
0.0;0.0
0.0;0.0
0.0;0.0
0.0;0.0
0.0;0.0
0.0;0.0
0.0;0.0
0.0;0.0
0.0;0.0
0.0;0.0
0.0;0.0
0.0;0.0
0.0;0.0
0.0;0.0
0.0;0.0
0.0;0.0
0.0;0.0
0.08917543859649121;0.0
0.0;0.0
0.0;0.0
0.0;0.0
0.0;0.0
0.9809298245614041;0.0
0.756802965350877;0.13495142061403503
0.35783539714912277;0.0880417958333333
0.95720068622807;0.29125545412280696
0.6855361842105261;0.20621820175438585
0.2281885775;0.03933773828947367
0.1783508771929825;0.0
0.0;0.0
0.0;0.0
0.0;0.0
0.0;0.0
0.0;0.0
0.0;0.0
0.0;0.0
0.08917543859649121;0.0
0.0;0.0
0.0;0.0
0.0;0.0
